{
  "Author": "Taurenkey (Puni.sh)",
  "Name": "Artisan",
  "InternalName": "Artisan",
  "AssemblyVersion": "1.8.0.0",
  "Description": "The all-in-one crafting plugin.",
  "ApplicableVersion": "any",
  "RepoUrl": "https://github.com/PunishXIV/Artisan",
  "Tags": [
    "crafting"
  ],
  "DalamudApiLevel": 8,
  "LoadPriority": 0,
  "IconUrl": "https://love.puni.sh/resources/artisan.png",
  "Punchline": "A 'simple' crafting plugin.",
  "Changelog": "- Please visit the Discord for a full list of updates."
}