{
  "Author": "Taurenkey (Puni.sh)",
  "Name": "Artisan",
  "Punchline": "A 'simple' crafting plugin.",
  "Description": "The all-in-one crafting plugin.",
  "InternalName": "Artisan",
  "ApplicableVersion": "any",
  "IconUrl": "https://love.puni.sh/resources/artisan.png",
  "Tags": [
    "crafting"
  ],
  "Changelog": "- Please visit the Discord for a full list of updates.",
  "RepoUrl": "https://github.com/PunishXIV/Artisan",
  "DalamudApiLevel": 8,
  "DownloadLinkTesting" : "https://love.puni.sh/plugins/Artisan/Testing/latest.zip"
}
