{
  "Disabled": false,
  "Testing": false,
  "ScheduledForDeletion": false,
  "InstalledFromUrl": "",
  "WorkingPluginId": "dee012ad-ad9f-4498-9c16-0e7861691073",
  "IsThirdParty": false,
  "EffectiveVersion": "3.0.18.9",
  "Author": "Team Sloth",
  "Name": "Combo",
  "Punchline": "Condenses combos and mutually exclusive abilities onto a single button - and then some.6.4汉化",
  "Description": "Condenses combos and mutually exclusive abilities onto a single button - and then some.6.4汉化",
  "Changelog": "Features, Fixes & Enhancements for Framework, AST, ASTPvP, RDM, SGE and SCH. Please check the project's GitHub or Discord for a full changelog.6.4汉化",
  "Tags": null,
  "CategoryTags": null,
  "IsHide": false,
  "InternalName": "Combo",
  "AssemblyVersion": "3.0.18.9",
  "TestingAssemblyVersion": null,
  "IsTestingExclusive": false,
  "RepoUrl": "https://github.com/Nik-Potokar/XIVSlothCombo",
  "ApplicableVersion": "any",
  "DalamudApiLevel": 8,
  "DownloadCount": 0,
  "LastUpdate": 0,
  "DownloadLinkInstall": null,
  "DownloadLinkUpdate": null,
  "DownloadLinkTesting": null,
  "LoadRequiredState": 0,
  "LoadSync": false,
  "LoadPriority": 0,
  "CanUnloadAsync": false,
  "SupportsProfiles": true,
  "ImageUrls": [
    "https://i.imgur.com/iEcxM81.png"
  ],
  "IconUrl": "https://i.imgur.com/iEcxM81.png",
  "AcceptsFeedback": true,
  "FeedbackMessage": null,
  "_Dip17Channel": null
}